{"cameraMode":{"drawMode":0,"name":"Shaded","section":"Shading Mode"},"sceneLighting":true,"audioPlay":false,"sceneViewState":{"m_AlwaysRefresh":false,"showFog":true,"showSkybox":false,"showFlares":true,"showImageEffects":true,"showParticleSystems":true,"showVisualEffectGraphs":true,"m_FxEnabled":false},"in2DMode":false,"pivot":{"x":0.17197196185588838,"y":1.512463092803955,"z":1.8112390041351319},"rotation":{"x":-0.044150903820991519,"y":-0.9127898812294006,"z":0.3929350972175598,"w":-0.10257761925458908},"size":0.5660253763198853,"orthographic":false}