{"cameraMode":{"drawMode":0,"name":"Shaded","section":"Shading Mode"},"sceneLighting":true,"audioPlay":false,"sceneViewState":{"m_AlwaysRefresh":false,"showFog":true,"showSkybox":false,"showFlares":true,"showImageEffects":true,"showParticleSystems":true,"showVisualEffectGraphs":true,"m_FxEnabled":false},"in2DMode":false,"pivot":{"x":-0.07999999821186066,"y":1.4739999771118165,"z":2.187000036239624},"rotation":{"x":0.0050999317318201069,"y":-0.9449723958969116,"z":0.32684728503227236,"w":0.014736011624336243},"size":0.8660253882408142,"orthographic":false}