{"cameraMode":{"drawMode":0,"name":"Shaded","section":"Shading Mode"},"sceneLighting":false,"audioPlay":false,"sceneViewState":{"m_AlwaysRefresh":false,"showFog":true,"showSkybox":false,"showFlares":true,"showImageEffects":true,"showParticleSystems":true,"showVisualEffectGraphs":true,"m_FxEnabled":false},"in2DMode":false,"pivot":{"x":-0.07999999821186066,"y":1.3297398090362549,"z":1.1924617290496827},"rotation":{"x":0.013768881559371949,"y":-0.49985530972480776,"z":0.007946062833070755,"w":0.8659732341766357},"size":0.6331723928451538,"orthographic":true}