{"cameraMode":{"drawMode":0,"name":"Shaded","section":"Shading Mode"},"sceneLighting":true,"audioPlay":false,"sceneViewState":{"m_AlwaysRefresh":false,"showFog":true,"showSkybox":false,"showFlares":true,"showImageEffects":true,"showParticleSystems":true,"showVisualEffectGraphs":true,"m_FxEnabled":false},"in2DMode":false,"pivot":{"x":-0.07999999821186066,"y":1.4739999771118165,"z":1.2680000066757203},"rotation":{"x":0.05087709054350853,"y":-0.8532261252403259,"z":0.08474098145961762,"w":0.5121364593505859},"size":0.8660253882408142,"orthographic":false}